"concept_iri"	"notation"	"pref_label"	"definition"	"capture_timestamp"	"source_url"	"capture_count"	"sampled_capture_count"	"distinct_sampled_definitions"	"review_status"	"review_note"	"sampled_headings"	"errors"
"https://data.idnau.org/pid/vocab/atns-subcat/96ed4893-3cbb-55ad-8320-7a41fca2ccc6"	"70"	"Respondent"	"Respondent(s) in a native title or related case before the Federal Court of Australia."	"20200924105031"	"https://web.archive.org/web/20200924105031/https://atns.net.au/subcategory.asp?subcategoryid=70"	"11"	"3"	"1"	"stable"	""	"Respondent"	""
"https://data.idnau.org/pid/vocab/atns-subcat/c2099cd6-cafc-54bc-9c89-11df0e41766e"	"71"	"National Park"	"A relatively large area of land that is generally owned or leased by the Commonwealth Government in order to preserve its natural, cultural and historic attributes. The legislative basis for a National Park might be, for example, the National Parks and Wildlife Act 1974 (NSW) or the Nature Conservation Act 1992 (Qld)."	"20140126160621"	"https://web.archive.org/web/20140126160621/http://atns.net.au/subcategory.asp?subcategoryID=71"	"7"	"3"	"2"	"definition-changed"	"20070505215041: National Park — An area owned by the Commonwealth Government and preserved for the conservation of scenery and the natural and historic object. || 20110216103008: National Park — A relatively large area of land that is generally owned or leased by the Commonwealth Government in order to preserve its natural, cultural and historic attributes. The legislative basis for a National Park might be, for example, the National Parks and Wildlife Act 1974 (NSW) or the Nature Conservation Act 1992 (Qld). || 20140126160621: National Park — A relatively large area of land that is generally owned or leased by the Commonwealth Government in order to preserve its natural, cultural and historic attributes. The legislative basis for a National Park might be, for example, the National Parks and Wildlife Act 1974 (NSW) or the Nature Conservation Act 1992 (Qld)."	"National Park"	""
"https://data.idnau.org/pid/vocab/atns-subcat/5b58045c-9ed4-5de5-9ff0-97a1b2ac015f"	"72"	"No Liability Company"	"The activities of a no liability company must be confined to mining. No liability companies are public companies that have no statutory or contractual right to recover unpaid calls on partly paid shares. Such companies have ‘No Liability’ or ‘NL’ in their name."	"20190314235420"	"https://web.archive.org/web/20190314235420/https://www.atns.net.au/subcategory.asp?subcategoryID=72"	"9"	"3"	"1"	"stable"	""	"No Liability Company"	""
"https://data.idnau.org/pid/vocab/atns-subcat/5fbc56b2-1929-562c-822e-67dc1d7feb2f"	"73"	"Native Title Applicant"	"Native Title Applicants are Indigenous people who make an application to the Federal Court for the legal recognition of their native title rights and interests."	"20201029023043"	"https://web.archive.org/web/20201029023043/https://atns.net.au/subcategory.asp?subcategoryID=73"	"13"	"3"	"1"	"heading-mismatch"	"20070901075545: Native Title Applicants — Native Title Applicants are Indigenous people who make an application to the Federal Court for the legal recognition of their native title rights and interests. || 20110216102426: Native Title Applicants — Native Title Applicants are Indigenous people who make an application to the Federal Court for the legal recognition of their native title rights and interests. || 20201029023043: Native Title Applicants — Native Title Applicants are Indigenous people who make an application to the Federal Court for the legal recognition of their native title rights and interests."	"Native Title Applicants"	""
"https://data.idnau.org/pid/vocab/atns-subcat/243b1d27-cf40-5bee-9faa-84aed0afb787"	"74"	"Applicant"	"A Member of Parliament of a State government of Australia."	"20110216102850"	"https://web.archive.org/web/20110216102850/http://atns.net.au/subcategory.asp?subcategoryID=74"	"7"	"2"	"1"	"heading-mismatch"	"20070901081231: State Member — A Member of Parliament of a State government of Australia. || 20110216102850: State Member — A Member of Parliament of a State government of Australia."	"State Member"	"20200921072237: URLError: <urlopen error [Errno 61] Connection refused>"
"https://data.idnau.org/pid/vocab/atns-subcat/1699fb80-0470-5f04-8e00-5ef955da347c"	"75"	"Research Agreement"	"An agreement with regard to research protocols and commitments."	"20140302103623"	"https://web.archive.org/web/20140302103623/http://atns.net.au/subcategory.asp?subcategoryID=75"	"7"	"3"	"1"	"stable"	""	"Research Agreement"	""
"https://data.idnau.org/pid/vocab/atns-subcat/f005f1b8-394e-56eb-9c31-20fe08cc3f42"	"76"	"Territory Government"	"The government of a Territory of Australia. The Northern Territory of Australia was established under the Northern Territory (Self-Government) Act 1978 , a Commonwealth Government Act of Parliament, while the Australian Capital Territory (ACT) Government was established in 1989."	"20070901075716"	"https://web.archive.org/web/20070901075716/http://www.atns.net.au/subcategory.asp?subcategoryID=76"	"5"	"1"	"1"	"single-sample"	"20070901075716: Territory Government — The government of a Territory of Australia. The Northern Territory of Australia was established under the Northern Territory (Self-Government) Act 1978 , a Commonwealth Government Act of Parliament, while the Australian Capital Territory (ACT) Government was established in 1989."	"Territory Government"	"20110216101900: URLError: <urlopen error [Errno 61] Connection refused> | 20140125204815: URLError: <urlopen error [Errno 61] Connection refused>"
"https://data.idnau.org/pid/vocab/atns-subcat/330fef0d-52e9-5598-8ab1-509cd921aac1"	"77"	"Joint Venture Agreement"	"A Joint Venture Agreement is a commercial agreement creating a business partnership whereby the two or more parties each take up part ownership of a commercial venture."	"20070902033444"	"https://web.archive.org/web/20070902033444/http://www.atns.net.au/subcategory.asp?subcategoryid=77"	"8"	"1"	"1"	"single-sample"	"20070902033444: Joint Venture Agreement — A Joint Venture Agreement is a commercial agreement creating a business partnership whereby the two or more parties each take up part ownership of a commercial venture."	"Joint Venture Agreement"	"20110216113009: URLError: <urlopen error [Errno 61] Connection refused> | 20140302103551: URLError: <urlopen error [Errno 61] Connection refused>"
"https://data.idnau.org/pid/vocab/atns-subcat/d811f588-0526-5f2b-be26-8c2f3f8f1abc"	"78"	"Representative Body"	"A body which represents the interests of a larger group or groups."	"20200923132957"	"https://web.archive.org/web/20200923132957/https://atns.net.au/subcategory.asp?subcategoryid=78"	"9"	"1"	"1"	"single-sample"	"20200923132957: Representative Body — A body which represents the interests of a larger group or groups."	"Representative Body"	"20070901080704: URLError: <urlopen error [Errno 61] Connection refused> | 20110216101724: URLError: <urlopen error [Errno 61] Connection refused>"
"https://data.idnau.org/pid/vocab/atns-subcat/a6c25fbf-fc85-500f-b84e-fd99fa599993"	"79"	"Convention"	"A Convention is a binding agreement between states or nations; used synonymously with Treaty and Covenant. Conventions are stronger than Declarations because they are legally binding on governments that have signed them. When the UN General Assembly adopts a Convention, it creates international norms and standards. Once a Convention is adopted by the UN General Assembly, Member States can then ratify the Convention, promising to uphold it. Governments that violate the standards set forth in a Convention can then be censured by the UN. In Australia, treaty obligations are only recognised by courts as binding where they have been enacted by domestic legislation."	"20140125204501"	"https://web.archive.org/web/20140125204501/http://atns.net.au/subcategory.asp?subcategoryID=79"	"7"	"2"	"1"	"stable"	""	"Convention"	"20070901075919: URLError: <urlopen error [Errno 61] Connection refused>"
"https://data.idnau.org/pid/vocab/atns-subcat/e76f87e0-b8e3-5926-84b7-228c7fad9c7c"	"80"	"Treaty (International)"	"A legally binding agreement between two or more sovereign governments."	"20150325192439"	"https://web.archive.org/web/20150325192439/http://atns.net.au/subcategory.asp?subcategoryid=80"	"7"	"2"	"1"	"stable"	""	"Treaty (International)"	"20070912090515: URLError: <urlopen error [Errno 61] Connection refused>"
"https://data.idnau.org/pid/vocab/atns-subcat/72a9c179-74f7-5b36-8f3a-0a46835c636f"	"81"	"Declaration"	"A Declaration is a formal or public statement or document stating agreed upon standards which is not legally binding."	"20200925094045"	"https://web.archive.org/web/20200925094045/https://atns.net.au/subcategory.asp?subcategoryID=81"	"7"	"3"	"2"	"definition-changed"	"20070901075800: Declaration — A Declaration is a formal or public statement or document stating agreed upon standards but which is not legally binding. || 20110216100251: Declaration — A Declaration is a formal or public statement or document stating agreed upon standards which is not legally binding. || 20200925094045: Declaration — A Declaration is a formal or public statement or document stating agreed upon standards which is not legally binding."	"Declaration"	""
"https://data.idnau.org/pid/vocab/atns-subcat/75aa5456-8d13-506b-979c-bc34a8bd0a97"	"82"	"Deed of Settlement (New Zealand)"	"A Deed of Settlement contains the fine detail of a settlement and is initialled by the Crown and the claimant negotiators. Once ratified by the wider claimant group, the final Deed of Settlement is drawn up and signed by the parties, at which time it becomes binding."	"20140302103416"	"https://web.archive.org/web/20140302103416/http://atns.net.au/subcategory.asp?subcategoryid=82"	"7"	"3"	"1"	"stable"	""	"Deed of Settlement (New Zealand)"	""
"https://data.idnau.org/pid/vocab/atns-subcat/cac0a6f7-3a5e-508f-a1d4-c453fb671f9c"	"83"	"Government"	"A publicly elected body which has governing authority over a political unit."	"20201029024718"	"https://web.archive.org/web/20201029024718/https://atns.net.au/subcategory.asp?subcategoryID=83"	"11"	"3"	"1"	"stable"	""	"Government"	""
"https://data.idnau.org/pid/vocab/atns-subcat/fce7d633-05fc-5e3e-8605-0cad9866c612"	"84"	"Regional Agreement"	"Regional agreements are made between Indigenous communities and other organisations, usually government and/or industry. Regional agreements can be used to organise policies, politics, administration and/or public services for or by an Indigenous people in a defined, frequently large, territory of land, or land and sea. Regional agreements can be legally enforceable as contracts."	"20140302103618"	"https://web.archive.org/web/20140302103618/http://atns.net.au/subcategory.asp?subcategoryID=84"	"7"	"3"	"1"	"stable"	""	"Regional Agreement"	""
"https://data.idnau.org/pid/vocab/atns-subcat/848b1af9-95b3-5332-90e1-1383bd4e0da7"	"85"	"Native Title Representative Body (NTRB)"	"A Native Title Representative Body (NTRB) is a body recognised under the Native Title Act 1993 (Cth) (NTA). An NTRB has the powers and functions set out in s 203B of the NTA including to support Indigenous people and native title holders to make various applications under the NTA, including claimant, objection, future act and compensation applications; and to negotiate Indigenous Land Use Agreements on behalf of Indigenous parties."	"20070901081552"	"https://web.archive.org/web/20070901081552/http://www.atns.net.au/subcategory.asp?subcategoryID=85"	"12"	"1"	"1"	"heading-mismatch"	"20070901081552: Native Title Representative Body — A Native Title Representative Body (NTRB) is a body recognised under the Native Title Act 1993 (Cth) (NTA). An NTRB has the powers and functions set out in s 203B of the NTA including to support Indigenous people and native title holders to make various applications under the NTA, including claimant, objection, future act and compensation applications; and to negotiate Indigenous Land Use Agreements on behalf of Indigenous parties."	"Native Title Representative Body"	"20110216101346: URLError: <urlopen error [Errno 61] Connection refused> | 20201029015453: URLError: <urlopen error [Errno 61] Connection refused>"
"https://data.idnau.org/pid/vocab/atns-subcat/b5a1f0b8-fda5-5c21-9210-53b047121dfd"	"86"	"First Nations People of Canada"	"The indigenous people of Canada who are not Inuit or Métis."	"20070901081117"	"https://web.archive.org/web/20070901081117/http://www.atns.net.au/subcategory.asp?subcategoryID=86"	"5"	"1"	"1"	"single-sample"	"20070901081117: First Nations People of Canada — The indigenous people of Canada who are not Inuit or Métis."	"First Nations People of Canada"	"20110216102145: URLError: <urlopen error [Errno 61] Connection refused> | 20140126160504: URLError: <urlopen error [Errno 61] Connection refused>"
"https://data.idnau.org/pid/vocab/atns-subcat/b4d0936c-867c-53c4-b8ca-dad372cb8c0c"	"87"	"Party to an Indigenous Land Use Agreement"	"A party to a voluntary agreement about use and management of land and waters. May include one or more native title groups, government or private enterprise."	"20201029022700"	"https://web.archive.org/web/20201029022700/https://atns.net.au/subcategory.asp?subcategoryID=87"	"19"	"1"	"1"	"single-sample"	"20201029022700: Party to an Indigenous Land Use Agreement — A party to a voluntary agreement about use and management of land and waters. May include one or more native title groups, government or private enterprise."	"Party to an Indigenous Land Use Agreement"	"20070901082427: URLError: <urlopen error [Errno 61] Connection refused> | 20110216102722: URLError: <urlopen error [Errno 61] Connection refused>"
"https://data.idnau.org/pid/vocab/atns-subcat/3c896846-bc0f-53fa-82a8-faeedb9f0f2a"	"88"	"Canadian Aboriginal Government"	"Typically a regional and popularly elected Aboriginal government which may have jurisdiction over law-making, education, health and social services. May be created pursuant to a self-government agreement."	"20140125204625"	"https://web.archive.org/web/20140125204625/http://atns.net.au/subcategory.asp?subcategoryID=88"	"6"	"2"	"1"	"stable"	""	"Canadian Aboriginal Government"	"20110216100904: URLError: <urlopen error [Errno 61] Connection refused>"
"https://data.idnau.org/pid/vocab/atns-subcat/668b60d9-b418-541f-9b99-af1f60fce728"	"89"	"Land Governance Agreement (Canada)"	"An agreement between the Canadian federal government and a First Nation or Aboriginal group which provides for the reservation of lands under s 91 of the Constitution Act, 1867 . It provides for the exercise of jurisdiction by the group over the use and regulation of the lands. It is distinct from land claims or self-government agreements under the federal Comprehensive Claims Policy"	"20140302103727"	"https://web.archive.org/web/20140302103727/http://atns.net.au/subcategory.asp?subcategoryID=89"	"5"	"3"	"1"	"stable"	""	"Land Governance Agreement (Canada)"	""
"https://data.idnau.org/pid/vocab/atns-subcat/de48a4f0-1a8c-5488-bfa1-2fcef98c749d"	"90"	"Prescribed Body Corporate (PBC)"	"Under the Native Title Act 1993 (Cth), a Prescribed Body Corporate (PBC) is a native title corporation established by a group of native title holders to represent them and manage their native title rights and interests which have been determined to exist (also known as a ‘Registered Native Title Body Corporate’)."	"20200921065431"	"https://web.archive.org/web/20200921065431/https://atns.net.au/subcategory.asp?subcategoryid=90"	"12"	"3"	"1"	"heading-mismatch"	"20070901082253: Prescribed Body Corporate — Under the Native Title Act 1993 (Cth), a Prescribed Body Corporate (PBC) is a native title corporation established by a group of native title holders to represent them and manage their native title rights and interests which have been determined to exist (also known as a ‘Registered Native Title Body Corporate’). || 20110216101500: Prescribed Body Corporate — Under the Native Title Act 1993 (Cth), a Prescribed Body Corporate (PBC) is a native title corporation established by a group of native title holders to represent them and manage their native title rights and interests which have been determined to exist (also known as a ‘Registered Native Title Body Corporate’). || 20200921065431: Prescribed Body Corporate — Under the Native Title Act 1993 (Cth), a Prescribed Body Corporate (PBC) is a native title corporation established by a group of native title holders to represent them and manage their native title rights and interests which have been determined to exist (also known as a ‘Registered Native Title Body Corporate’)."	"Prescribed Body Corporate"	""
"https://data.idnau.org/pid/vocab/atns-subcat/7d302f05-b6eb-5d8e-bff5-9fc313296b0c"	"91"	"Sole Trader"	"An individual who runs a business in their own name which is not a limited company or a partnership."	"20110216102828"	"https://web.archive.org/web/20110216102828/http://atns.net.au/subcategory.asp?subcategoryID=91"	"6"	"2"	"1"	"stable"	""	"Sole Trader"	"20140126160604: URLError: <urlopen error [Errno 61] Connection refused>"
"https://data.idnau.org/pid/vocab/atns-subcat/f2c94516-72ba-5d2d-b9e9-1b80cf9850a1"	"92"	"Incorporated Association"	"An association or group of people who, as a group, are recognised as a legal entity separate from its members. An association may be incorporated under commonwealth, state or territory legislation. Once incorporated, an association has all the powers of an individual and is legally able to do things in its own name, such as own land, sign a lease, or appear in court."	"20201029103124"	"https://web.archive.org/web/20201029103124/https://atns.net.au/subcategory.asp?subcategoryid=92"	"16"	"3"	"1"	"stable"	""	"Incorporated Association"	""
"https://data.idnau.org/pid/vocab/atns-subcat/5256bda6-9db4-55ea-a7a8-c0b7773c6aa5"	"93"	"Agreement in Principle / Heads of Agreement (New Zealand)"	"An Agreement in Principle or Heads of Agreement outlines the preliminary elements of a settlement and includes basic details of the historical account of the claim as well as cultural and commercial redress. It may also include a proposed financial quantum of the settlement."	"20140303160818"	"https://web.archive.org/web/20140303160818/http://atns.net.au/subcategory.asp?subcategoryID=93"	"7"	"3"	"1"	"stable"	""	"Agreement in Principle / Heads of Agreement (New Zealand)"	""
"https://data.idnau.org/pid/vocab/atns-subcat/84f0e035-49f3-5a4d-b092-77a17ebffa36"	"94"	"Governance Entity (New Zealand)"	"The Governance Entity is the legal entity that is responsible to a wider claimant group to hold and manage settlement assets and exercise the forms of cultural redress that are provided for in the settlement package."	"20140125204641"	"https://web.archive.org/web/20140125204641/http://atns.net.au/subcategory.asp?subcategoryID=94"	"5"	"3"	"1"	"stable"	""	"Governance Entity (New Zealand)"	""
"https://data.idnau.org/pid/vocab/atns-subcat/23587163-67a7-5fa1-8812-c75f795d32df"	"95"	"Comprehensive Land Claims Agreement (Canada)"	"An agreement negotiated under the Canadian federal government’s Comprehensive Claims Policy, which clearly defines the rights of Aboriginal groups with respect to land and resources. Arrangements for self-government may also be included. The rights ensured by the agreement are constitutionally protected."	"20140302103654"	"https://web.archive.org/web/20140302103654/http://atns.net.au/subcategory.asp?subcategoryID=95"	"6"	"3"	"1"	"stable"	""	"Comprehensive Land Claims Agreement (Canada)"	""
"https://data.idnau.org/pid/vocab/atns-subcat/0cd007d5-c58e-513b-862c-989968dcc81a"	"96"	"Specific Claims Agreement (Canada)"	"An agreement negotiated under the Canadian federal government’s Specific Claims Policy, which deals with outstanding treaty or other legal obligations. Such agreements are designed to achieve ‘full and final closure’ to grievances and to facilitate economic opportunities for First Nation governments."	"20140303160805"	"https://web.archive.org/web/20140303160805/http://atns.net.au/subcategory.asp?subcategoryID=96"	"6"	"1"	"1"	"single-sample"	"20140303160805: Specific Claims Agreement (Canada) — An agreement negotiated under the Canadian federal government’s Specific Claims Policy, which deals with outstanding treaty or other legal obligations. Such agreements are designed to achieve ‘full and final closure’ to grievances and to facilitate economic opportunities for First Nation governments."	"Specific Claims Agreement (Canada)"	"20070911160032: URLError: <urlopen error [Errno 61] Connection refused> | 20110216114709: URLError: <urlopen error [Errno 61] Connection refused>"
"https://data.idnau.org/pid/vocab/atns-subcat/2d2a94e9-c385-5c3d-b6fc-8bf2c230e7ef"	"97"	"Framework Agreement (Canada)"	"An agreement often representing the first stage of negotiations of a land claims or self-government agreement. It may set out the details of the negotiation subject matter, the process and timetable for reaching an agreement-in-principle."	"20140302103710"	"https://web.archive.org/web/20140302103710/http://atns.net.au/subcategory.asp?subcategoryID=97"	"6"	"1"	"1"	"single-sample"	"20140302103710: Framework Agreement (Canada) — An agreement often representing the first stage of negotiations of a land claims or self-government agreement. It may set out the details of the negotiation subject matter, the process and timetable for reaching an agreement-in-principle."	"Framework Agreement (Canada)"	"20070911155559: URLError: <urlopen error [Errno 61] Connection refused> | 20110216114010: URLError: <urlopen error [Errno 61] Connection refused>"
"https://data.idnau.org/pid/vocab/atns-subcat/49e870b8-b962-5785-a662-f506350ede50"	"98"	"Agreement-in-Principle (AIP) (Canada)"	"An agreement setting out the objectives of, and elements to be included in a final agreement. The AIP does not create binding legal relations but paves the way for negotiation, and thereby functions as the basis of a final agreement."	"20140302103648"	"https://web.archive.org/web/20140302103648/http://atns.net.au/subcategory.asp?subcategoryID=98"	"7"	"1"	"1"	"single-sample"	"20140302103648: Agreement-in-Principle (AIP) (Canada) — An agreement setting out the objectives of, and elements to be included in a final agreement. The AIP does not create binding legal relations but paves the way for negotiation, and thereby functions as the basis of a final agreement."	"Agreement-in-Principle (AIP) (Canada)"	"20070911155627: URLError: <urlopen error [Errno 61] Connection refused> | 20110216113729: URLError: <urlopen error [Errno 61] Connection refused>"
"https://data.idnau.org/pid/vocab/atns-subcat/496640c9-a0b8-580b-9bba-459fe5fcc345"	"99"	"Interim Measures Agreement (Canada)"	"An agreement which sets out temporary arrangements intended to afford a measure of protection to Aboriginal interests while a final agreement is in the process of being negotiated. It protects the rights and benefits negotiated in the agreement-in-principle, and may recognise certain principles by which negotiations are to be guided. An interim measures agreement does not create binding legal relations but serves as a bridge to the negotiation of a final agreement."	"20140302103724"	"https://web.archive.org/web/20140302103724/http://atns.net.au/subcategory.asp?subcategoryID=99"	"6"	"3"	"1"	"stable"	""	"Interim Measures Agreement (Canada)"	""
"https://data.idnau.org/pid/vocab/atns-subcat/e248c2dd-231c-5ac3-b046-96514d7b5cba"	"101"	"Treaty (Canada)"	"Historical treaties in the Canadian context were first signed between the British Crown and First Nations. They impose a range of mutual obligations on signatory parties. Modern treaties take the form of land claims settlements which are constitutionally protected."	"20140303160814"	"https://web.archive.org/web/20140303160814/http://atns.net.au/subcategory.asp?subcategoryID=101"	"6"	"3"	"1"	"stable"	""	"Treaty (Canada)"	""
"https://data.idnau.org/pid/vocab/atns-subcat/aadb9f87-ca50-5df2-a80b-6c2fad38cb3a"	"102"	"Overlap/Boundary Agreement (Canada)"	"Overlap or boundary agreements are negotiated between First Nations in the context of land claims negotiations where traditional territories overlap or intersect. Such agreements may cover both land and resource interests and may set out provisions relating to matters including the exercise of harvesting rights, delineation of shared use and claims areas, consultation and shared decision-making."	"20140303160737"	"https://web.archive.org/web/20140303160737/http://atns.net.au/subcategory.asp?subcategoryID=102"	"6"	"2"	"1"	"stable"	""	"Overlap/Boundary Agreement (Canada)"	"20110216114400: URLError: <urlopen error [Errno 61] Connection refused>"
"https://data.idnau.org/pid/vocab/atns-subcat/d25c73be-9cb4-5d9b-9913-a32120c317b3"	"104"	"Maori People"	"The indigenous inhabitants of New Zealand."	"20140126160517"	"https://web.archive.org/web/20140126160517/http://atns.net.au/subcategory.asp?subcategoryID=104"	"6"	"2"	"1"	"stable"	""	"Maori People"	"20110216102304: URLError: <urlopen error [Errno 61] Connection refused>"
"https://data.idnau.org/pid/vocab/atns-subcat/1e638a55-1881-57c7-894d-fa95737ba14a"	"105"	"Aboriginal Lands Trust (Western Australia)"	"The Aboriginal Lands Trust (ALT) was established by the Western Australian Aboriginal Affairs Planning Authority Act 1972 (WA) (AAPA Act). The functions of the ALT (s23 AAPA Act) are primarily to acquire and hold land and to use and manage that land for the benefit of persons of Aboriginal descent."	"20131029223303"	"https://web.archive.org/web/20131029223303/http://www.atns.net.au/subcategory.asp?subcategoryID=105"	"5"	"3"	"1"	"stable"	""	"Aboriginal Lands Trust (Western Australia)"	""
"https://data.idnau.org/pid/vocab/atns-subcat/3d174cb1-b9fa-5ba5-a4be-08e299ed27d2"	"106"	"Aboriginal Lands Trust (South Australia)"	"The Aboriginal Lands Trust in South Australia is a statutory body under the Aboriginal Lands Trust Act 1966 (SA) (ALTA). The Lands Trust holds certain lands in trust for the economic and cultural benefit of the Aboriginal people of South Australia and may not sell any such land without the approval of both houses of Parliament."	"20131029202612"	"https://web.archive.org/web/20131029202612/http://www.atns.net.au/subcategory.asp?subcategoryID=106"	"7"	"3"	"1"	"stable"	""	"Aboriginal Lands Trust (South Australia)"	""
"https://data.idnau.org/pid/vocab/atns-subcat/8a117369-cce0-5a2c-9d12-d3d13719a07e"	"107"	"Non-Government Organisation (NGO)"	"An association based on the common interests of its members, individuals, or institutions. It has no government status or function and is not created by, nor is its agenda set or implemented by, a government."	"20170214233025"	"https://web.archive.org/web/20170214233025/http://atns.net.au/subcategory.asp?subcategoryID=107"	"6"	"2"	"1"	"stable"	""	"Non-Government Organisation (NGO)"	"20070901080108: URLError: <urlopen error [Errno 61] Connection refused>"
"https://data.idnau.org/pid/vocab/atns-subcat/1682bda6-86ad-57ab-b605-73fb7027939d"	"108"	"Shared Responsibility Agreement (SRA)"	"Shared Responsibility Agreements (SRAs) are agreements made between federal and state governments and Indigenous communities to provide discretionary funding in return for community obligations. Such agreements form part of the Council of Australian Governments' (COAG) original commitment to the Framework to Advance Reconciliation and the Commonwealth Government's whole of government initiatives. ‘Shared Responsibility’ is a key concept in these arrangements. SRAs set out what all partners to the agreement will contribute in order to develop effective and long-term changes for Indigenous communities. SRAs are developed with reference to local community priorities and ideas as to how these might be achieved."	"20200921194826"	"https://web.archive.org/web/20200921194826/https://atns.net.au/subcategory.asp?subcategoryID=108"	"11"	"2"	"1"	"stable"	""	"Shared Responsibility Agreement (SRA)"	"20070901092658: URLError: <urlopen error [Errno 61] Connection refused>"
"https://data.idnau.org/pid/vocab/atns-subcat/599936e5-2a8b-5e7e-b079-88a9d0d0ef0c"	"109"	"Aboriginal Community Controlled Health Organisation (ACCHO)"	"ACCHOs operate in the metropolitan, regional, rural and remote areas of all States and Territories in Australia. ACCHOs are controlled by, and accountable to, Aboriginal people in those areas in which they operate. ACCHOs aim to deliver holistic, comprehensive and culturally appropriate health care to the community that controls it."	"20140125204538"	"https://web.archive.org/web/20140125204538/http://atns.net.au/subcategory.asp?subcategoryID=109"	"5"	"2"	"1"	"stable"	""	"Aboriginal Community Controlled Health Organisation (ACCHO)"	"20070901081316: URLError: <urlopen error [Errno 61] Connection refused>"
"https://data.idnau.org/pid/vocab/atns-subcat/314b7fb0-5d8b-5ad1-afa1-ec0d99beee3b"	"110"	"Political Accord (Canada)"	"Political Accords are generally characterised by a cross-governmental approach to agreement making. This means that federal, provincial and Aboriginal governments or bodies are party to negotiations. An accord may establish a consultation process and subject matter of a proposed agreement, or may constitute a final agreement itself. Political accords often take place in the context of self-government negotiations."	"20140303160749"	"https://web.archive.org/web/20140303160749/http://atns.net.au/subcategory.asp?subcategoryID=110"	"7"	"3"	"1"	"stable"	""	"Political Accord (Canada)"	""
"https://data.idnau.org/pid/vocab/atns-subcat/ad36943d-86a8-5484-8603-fdbb8581fa4e"	"111"	"Aboriginal and Torres Strait Islander"	"The Indigenous inhabitants of mainland Australia, Tasmania and the Torres Strait Islands."	"20201029015723"	"https://web.archive.org/web/20201029015723/https://atns.net.au/subcategory.asp?subcategoryID=111"	"16"	"3"	"2"	"definition-changed"	"20070901080016: Aboriginal and Torres Strait Islander — The indigenous inhabitants of mainland Australia and the Torres Strait Islands. || 20110216102023: Aboriginal and Torres Strait Islander — The Indigenous inhabitants of mainland Australia, Tasmania and the Torres Strait Islands. || 20201029015723: Aboriginal and Torres Strait Islander — The Indigenous inhabitants of mainland Australia, Tasmania and the Torres Strait Islands."	"Aboriginal and Torres Strait Islander"	""
"https://data.idnau.org/pid/vocab/atns-subcat/d60a14ab-ee61-558f-bfda-1c3c1c509e65"	"112"	"Indigenous Coordination Centre (ICC)"	"Prior to the abolition of the Aboriginal and Torres Strait Islander Commission (ATSIC), ICCs were ATSIC and Aboriginal and Torres Strait Islander Services (ATSIS) Regional and State Offices. The ICCs now operate as whole-of-government centres which house staff from a range of departments which deliver services to Indigenous Australians. Prior to the abolition of the Aboriginal and Torres Strait Islander Commission (ATSIC), ICCs were ATSIC and Aboriginal and Torres Strait Islander Services (ATSIS) Regional and State Offices. The ICCs now operate as whole-of-government centres which house staff from a range of departments which deliver services to Indigenous Australians. They operate in 29 locations around Australia and also negotiate Shared Responsibility Agreements (SRAs) with Indigenous communities."	"20200319040153"	"https://web.archive.org/web/20200319040153/https://www.atns.net.au/subcategory.asp?subcategoryID=112"	"10"	"3"	"1"	"stable"	""	"Indigenous Coordination Centre (ICC)"	""
"https://data.idnau.org/pid/vocab/atns-subcat/fb0d8b19-5eb9-590c-8d50-411cdcb787e5"	"113"	"Charitable Trust"	""	"20150304093815"	"https://web.archive.org/web/20150304093815/http://atns.net.au/subcategory.asp?subcategoryID=113"	"6"	"3"	"1"	"empty-definition"	"20070901081435: Charitable Trust — [empty] || 20110216100935: Charitable Trust — [empty] || 20150304093815: Charitable Trust — [empty]"	"Charitable Trust"	""
"https://data.idnau.org/pid/vocab/atns-subcat/901d9c34-2115-5043-9846-d5cba813b9b3"	"114"	"Torres Strait Islander Land Trust (Queensland)"	"Torres Strait Islander Land Trusts are statutory bodies created under the Torres Strait Islander Land Act 1991 (Qld). A Land Trust holds land granted under one of the mechanisms in the Act. It is a body corporate of which the grantees are members, holding land on trust for the benefit of Torres Strait Islander people, their ancestors and descendants. It is subject to restrictions in dealings with the land and is required to comply with the administrative and financial requirements of the Torres Strait Islander Land Regulation 1991 (Qld)."	"20140125204819"	"https://web.archive.org/web/20140125204819/http://atns.net.au/subcategory.asp?subcategoryID=114"	"6"	"3"	"1"	"stable"	""	"Torres Strait Islander Land Trust (Queensland)"	""
"https://data.idnau.org/pid/vocab/atns-subcat/bb603fdb-9bd8-5d8b-88d5-da2caaa5bf15"	"115"	"Aboriginal Land Trust (Queensland)"	"Aboriginal Land Trusts are statutory bodies created under the Aboriginal Land Act 1991 (Qld). A Land Trust holds land granted under one of the mechanisms in the Act."	"20200319040031"	"https://web.archive.org/web/20200319040031/https://www.atns.net.au/subcategory.asp?subcategoryID=115"	"10"	"3"	"1"	"stable"	""	"Aboriginal Land Trust (Queensland)"	""
"https://data.idnau.org/pid/vocab/atns-subcat/04f70685-a852-5791-aa7b-04c01938187e"	"116"	"Company Limited by Guarantee"	""	"20201029104332"	"https://web.archive.org/web/20201029104332/https://atns.net.au/subcategory.asp?subcategoryid=116"	"12"	"3"	"1"	"empty-definition"	"20070901082735: Company Limited by Guarantee — [empty] || 20110216101000: Company Limited by Guarantee — [empty] || 20201029104332: Company Limited by Guarantee — [empty]"	"Company Limited by Guarantee"	""
"https://data.idnau.org/pid/vocab/atns-subcat/8cd54a0e-184d-520e-89f3-3c7ea37e76e1"	"117"	"Litigated Determination"	"A litigated determination is a decision by an Australian court or other recognised body that native title does or does not exist in a particular area of land or waters, which is made following a trial."	"20201022100405"	"https://web.archive.org/web/20201022100405/https://atns.net.au/subcategory.asp?subcategoryid=117"	"8"	"2"	"1"	"stable"	""	"Litigated Determination"	"20070901083136: URLError: <urlopen error [Errno 61] Connection refused>"
"https://data.idnau.org/pid/vocab/atns-subcat/caa3eeb7-4d71-505c-9ee9-19b8c5338435"	"119"	"Consent Determination (Native Title Act)"	"A decision by the Federal Court, High Court or a recognised body that native title does or does not exist in a particular area, which is made when parties have reached an agreement."	"20200921191157"	"https://web.archive.org/web/20200921191157/https://atns.net.au/subcategory.asp?subcategoryID=119"	"13"	"3"	"1"	"stable"	""	"Consent Determination (Native Title Act)"	""
"https://data.idnau.org/pid/vocab/atns-subcat/177cef4d-1963-57e3-9b5c-508480daf336"	"120"	"Future Act Agreement (Native Title Act)"	"An agreement made under the future act provisions of the Native Title Act 1993 (Cth) about a ""future act"" - a proposed activity or development that may affect native title - which requires an agreement with the native title parties in order for the activity to be valid."	"20200921073646"	"https://web.archive.org/web/20200921073646/https://atns.net.au/subcategory.asp?subcategoryid=120"	"10"	"3"	"2"	"definition-changed"	"20070902023825: Future Act Agreement (Native Title Act) — An agreement made under the future act provisions of the Native Title Act 1993 (Cth) about a ""future act"" – a proposed activity or development that may affect native title – which requires an agreement with the native title parties in order for the activity to be valid. || 20110216112624: Future Act Agreement (Native Title Act) — An agreement made under the future act provisions of the Native Title Act 1993 (Cth) about a ""future act"" – a proposed activity or development that may affect native title – which requires an agreement with the native title parties in order for the activity to be valid. || 20200921073646: Future Act Agreement (Native Title Act) — An agreement made under the future act provisions of the Native Title Act 1993 (Cth) about a ""future act"" - a proposed activity or development that may affect native title - which requires an agreement with the native title parties in order for the activity to be valid."	"Future Act Agreement (Native Title Act)"	""
"https://data.idnau.org/pid/vocab/atns-subcat/09f0a068-ce65-5c11-8dec-f081d1a81ec2"	"121"	"Indigenous Land Use Agreement (ILUA) (Native Title Act)"	"The Indigenous Land Use Agreement (ILUA) is a voluntary agreement between a native title group and others about the use and management of land and waters."	"20070517170812"	"https://web.archive.org/web/20070517170812/http://www.atns.net.au:80/subcategory.asp?subcategoryid=121"	"23"	"1"	"1"	"single-sample"	"20070517170812: Indigenous Land Use Agreement (ILUA) (Native Title Act) — The Indigenous Land Use Agreement (ILUA) is a voluntary agreement between a native title group and others about the use and management of land and waters."	"Indigenous Land Use Agreement (ILUA) (Native Title Act)"	"20110216112717: URLError: <urlopen error [Errno 61] Connection refused> | 20200924075424: URLError: <urlopen error [Errno 61] Connection refused>"
"https://data.idnau.org/pid/vocab/atns-subcat/41d9b2e8-b492-5ae4-a167-0ad1b8625279"	"122"	"Case Law"	"Decisions or findings of courts regarding litigated matters."	"20110216100100"	"https://web.archive.org/web/20110216100100/http://atns.net.au/subcategory.asp?subcategoryID=122"	"11"	"2"	"1"	"stable"	""	"Case Law"	"20201029025146: URLError: <urlopen error [Errno 61] Connection refused>"
"https://data.idnau.org/pid/vocab/atns-subcat/d9bcd972-b0da-5ef2-b97d-dfa3afca649f"	"123"	"Legislation"	"Also known as 'statutes' or 'acts', these are laws enacted by Commonwealth, State, or Territory Parliament or other national equivalent."	"20200925094319"	"https://web.archive.org/web/20200925094319/https://atns.net.au/subcategory.asp?subcategoryID=123"	"18"	"2"	"1"	"stable"	""	"Legislation"	"20070711075245: URLError: <urlopen error [Errno 61] Connection refused>"
"https://data.idnau.org/pid/vocab/atns-subcat/009cc2ae-06a8-5cd7-922a-c90a2c0cd3b2"	"124"	"Interim Agreement"	"This agreement derives its name from its position in longer term negotiation. It will record matters agreed to along the path to a final agreement. Some or most of the matters will be of a temporary nature intended to be superseded by the envisaged final agreement. The agreement may also record matters agreed to in principle, which will be fully defined in a final draft. Where of the latter type this type of agreement may also be known as a draft agreement."	"20200921180851"	"https://web.archive.org/web/20200921180851/https://atns.net.au/subcategory.asp?subcategoryID=124"	"8"	"2"	"1"	"stable"	""	"Interim Agreement"	"20070911154645: URLError: <urlopen error [Errno 61] Connection refused>"
"https://data.idnau.org/pid/vocab/atns-subcat/1b340bb0-e40e-5938-a6a5-34a49cd07960"	"125"	"Memorandum of Understanding"	"A statement of intent that is not necessarily legally binding."	"20190403123343"	"https://web.archive.org/web/20190403123343/https://www.atns.net.au/subcategory.asp?subcategoryid=125"	"10"	"3"	"1"	"stable"	""	"Memorandum of Understanding"	""
"https://data.idnau.org/pid/vocab/atns-subcat/b7b5cd08-d283-583c-a41f-39a8ccf7f555"	"126"	"Indigenous Partnership"	"An agreement between indigenous and non-indigenous parties whereby the parties set out their intention to jointly cooperate together over a variety of important issues."	"20151130183938"	"https://web.archive.org/web/20151130183938/http://www.atns.net.au/subcategory.asp?subcategoryID=126"	"9"	"3"	"1"	"stable"	""	"Indigenous Partnership"	""
"https://data.idnau.org/pid/vocab/atns-subcat/076d3b9a-6064-528c-a4f2-cd910bad69f5"	"127"	"Land Transfer Agreement"	"'Land transfer agreement' is a term which describes the subject matter of an agreement, rather than a specific category of agreement. A land transfer agreement is an agreement which includes the transfer of land from one party to another."	"20200921133040"	"https://web.archive.org/web/20200921133040/https://atns.net.au/subcategory.asp?subcategoryid=127"	"9"	"3"	"1"	"stable"	""	"Land Transfer Agreement"	""
"https://data.idnau.org/pid/vocab/atns-subcat/3f9e2685-7bfd-5846-9b35-84429e6dcbaf"	"128"	"Public Company"	"A public company is one which is not incorporated as a proprietary company. It may or may not be listed on the stock exchange for the public sale of shares, although any company that is listed, is a public company. More onerous obligations are imposed on public companies than on proprietary companies."	"20110216101653"	"https://web.archive.org/web/20110216101653/http://atns.net.au/subcategory.asp?subcategoryID=128"	"15"	"2"	"1"	"stable"	""	"Public Company"	"20200925092254: URLError: <urlopen error [Errno 61] Connection refused>"
"https://data.idnau.org/pid/vocab/atns-subcat/5e6e7587-f46e-514c-b7f1-748fad936498"	"129"	"Native Title Holders (Native Title Act)"	"Aboriginal and Torres Strait Islander people who are registered as native title holders under the Native Title Act 1993 (Cth)."	"20110216102628"	"https://web.archive.org/web/20110216102628/http://atns.net.au/subcategory.asp?subcategoryID=129"	"15"	"2"	"1"	"stable"	""	"Native Title Holders (Native Title Act)"	"20201029024514: URLError: <urlopen error [Errno 61] Connection refused>"
"https://data.idnau.org/pid/vocab/atns-subcat/422e0386-70ff-5903-a802-bbf394001e44"	"130"	"Traditional Owner Group (Aboriginal Land Rights (Northern Territory) Act)"	"The indigenous inhabitants of an area of Australia who assert traditional rights and interests in that area."	"20140126160612"	"https://web.archive.org/web/20140126160612/http://atns.net.au/subcategory.asp?subcategoryID=130"	"6"	"3"	"1"	"stable"	""	"Traditional Owner Group (Aboriginal Land Rights (Northern Territory) Act)"	""
"https://data.idnau.org/pid/vocab/atns-subcat/97efd2c0-d3cb-5785-a953-d83214529992"	"131"	"Local Government"	"Local government performs the administrative functions for a particular municipality, city, town, township which are carried out by locally elected political bodies."	"20201029114017"	"https://web.archive.org/web/20201029114017/https://atns.net.au/subcategory.asp?subcategoryid=131"	"15"	"1"	"1"	"single-sample"	"20201029114017: Local Government — Local government performs the administrative functions for a particular municipality, city, town, township which are carried out by locally elected political bodies."	"Local Government"	"20070901082510: URLError: <urlopen error [Errno 61] Connection refused> | 20110216101309: URLError: <urlopen error [Errno 61] Connection refused>"
"https://data.idnau.org/pid/vocab/atns-subcat/a69ed78c-0c27-5b49-bee7-3c4ca6147f60"	"132"	"Aboriginal Community Council"	"An Aboriginal council which typically represents the interests of, and makes decisions on behalf of the local indigenous community."	"20200925090322"	"https://web.archive.org/web/20200925090322/https://atns.net.au/subcategory.asp?subcategoryID=132"	"11"	"2"	"1"	"stable"	""	"Aboriginal Community Council"	"20070901081215: URLError: <urlopen error [Errno 61] Connection refused>"
"https://data.idnau.org/pid/vocab/atns-subcat/80f9576f-cc98-5c15-b133-0ac43fced0c6"	"133"	"State Government"	"The government of a State in Australia."	"20201022013251"	"https://web.archive.org/web/20201022013251/https://atns.net.au/subcategory.asp?subcategoryid=133"	"13"	"2"	"1"	"stable"	""	"State Government"	"20070901081912: URLError: <urlopen error [Errno 61] Connection refused>"
"https://data.idnau.org/pid/vocab/atns-subcat/c43c7348-214e-5e4d-82fd-0ca183ec0745"	"134"	"Federal Government"	"The central government of a union of states in which sovereignty is divided between the central authority and the state authorities."	"20201024180234"	"https://web.archive.org/web/20201024180234/https://atns.net.au/subcategory.asp?subcategoryid=134"	"9"	"3"	"1"	"stable"	""	"Federal Government"	""
"https://data.idnau.org/pid/vocab/atns-subcat/c7a29999-091c-5086-b86d-fcd39ee1ff0b"	"135"	"Proprietary Company"	"A proprietary (or private) company is limited to no more than 50 members and operates with restricted rights of transfer of shares. It can neither invite the general public to subscribe for its shares or debentures nor take deposits from the public. It is the most common form of company type."	"20200925102017"	"https://web.archive.org/web/20200925102017/https://atns.net.au/subcategory.asp?subcategoryID=135"	"19"	"3"	"1"	"stable"	""	"Proprietary Company"	""
"https://data.idnau.org/pid/vocab/atns-subcat/395f9c3d-1892-5865-a0a9-bc3dbcc40009"	"136"	"Aboriginal Corporation"	"An Aboriginal corporation is a company owned by Indigenous Australians."	"20201029020908"	"https://web.archive.org/web/20201029020908/https://atns.net.au/subcategory.asp?subcategoryID=136"	"20"	"3"	"1"	"stable"	""	"Aboriginal Corporation"	""
"https://data.idnau.org/pid/vocab/atns-subcat/b8ac89d9-085b-56a9-b061-cde49e183bc4"	"137"	"Native Title Claimants (registered)"	"Aboriginal and Torres Strait Islander people who have made an application for the legal recognition of their native title rights and interests with the Federal Court and who have fulfilled the requirements to be included on the Register of Native Title Claims."	"20200922033909"	"https://web.archive.org/web/20200922033909/https://atns.net.au/subcategory.asp?subcategoryid=137"	"14"	"3"	"1"	"stable"	""	"Native Title Claimants (registered)"	""
"https://data.idnau.org/pid/vocab/atns-subcat/05a69289-48e5-5043-9a4d-d45fc411b116"	"138"	"Aboriginal Land Trust (Northern Territory)"	"Land Trusts in the Northern Territory are statutory bodies under the Aboriginal Land Rights (Northern Territory) Act 1976 (Cth) (ALRA). Land Trusts hold the title to land handed back to the traditional Aboriginal owners under one of the mechanisms outlined in the ALRA. A Land Trust exercises certain functions in relation to the land held by it as set out in the ALRA, but cannot exercise those functions except in accordance with a direction given to it by the Land Council for the area in which that land is situated."	"20110216100719"	"https://web.archive.org/web/20110216100719/http://atns.net.au/subcategory.asp?subcategoryID=138"	"5"	"2"	"1"	"stable"	""	"Aboriginal Land Trust (Northern Territory)"	"20131029202609: URLError: <urlopen error [Errno 61] Connection refused>"
"https://data.idnau.org/pid/vocab/atns-subcat/8e1b0c83-6505-5408-be21-8d1f74b43120"	"139"	"Statutory Body"	"A statutory body is one established by legislation."	"20200923115902"	"https://web.archive.org/web/20200923115902/https://atns.net.au/subcategory.asp?subcategoryid=139"	"10"	"1"	"1"	"single-sample"	"20200923115902: Statutory Body — A statutory body is one established by legislation."	"Statutory Body"	"20070830201346: URLError: <urlopen error [Errno 61] Connection refused> | 20110216101829: URLError: <urlopen error [Errno 61] Connection refused>"
"https://data.idnau.org/pid/vocab/atns-subcat/6ffe90c2-95c9-51b5-a083-8c7d83b975ef"	"140"	"Framework Agreement"	"These can be legally binding agreements, however they are essentially ‘process agreements’, that is, they generally bind parties to adhere to certain processes rather than to substantive issues."	"20200919214053"	"https://web.archive.org/web/20200919214053/https://atns.net.au/subcategory.asp?subcategoryid=140"	"9"	"2"	"1"	"stable"	""	"Framework Agreement"	"20110216112527: URLError: <urlopen error [Errno 61] Connection refused>"
"https://data.idnau.org/pid/vocab/atns-subcat/107a111f-ec77-5bc3-8410-8bc0fade0403"	"141"	"Lease"	"A legal agreement between parties allowing one party to have a temporary interest in property, usually assuming most of the rights of the owner, and to use the property in accordance with the agreement. Leases will mostly have a date when they terminate, at which time the leased rights in the property return to the owner."	"20150326094647"	"https://web.archive.org/web/20150326094647/http://atns.net.au/subcategory.asp?subcategoryID=141"	"9"	"1"	"1"	"single-sample"	"20150326094647: Lease — A legal agreement between parties allowing one party to have a temporary interest in property, usually assuming most of the rights of the owner, and to use the property in accordance with the agreement. Leases will mostly have a date when they terminate, at which time the leased rights in the property return to the owner."	"Lease"	"20070911154707: URLError: <urlopen error [Errno 61] Connection refused> | 20110216113129: URLError: <urlopen error [Errno 61] Connection refused>"
"https://data.idnau.org/pid/vocab/atns-subcat/1c5aa0a9-a1bc-59d1-a43d-51b12e376432"	"142"	"Section 21 Agreement (Native Title Act)"	"Local and regional land use and access agreements made between government and native title holders under the original section 21 of the Native Title Act 1993 (Cth) (unamended), where negotiations commenced or the agreement was finalised prior to the 1998 amendments to the Act."	"20070902022448"	"https://web.archive.org/web/20070902022448/http://www.atns.net.au/subcategory.asp?subcategoryid=142"	"7"	"1"	"1"	"single-sample"	"20070902022448: Section 21 Agreement (Native Title Act) — Local and regional land use and access agreements made between government and native title holders under the original section 21 of the Native Title Act 1993 (Cth) (unamended), where negotiations commenced or the agreement was finalised prior to the 1998 amendments to the Act."	"Section 21 Agreement (Native Title Act)"	"20110216113532: URLError: <urlopen error [Errno 61] Connection refused> | 20140302103629: URLError: <urlopen error [Errno 61] Connection refused>"
"https://data.idnau.org/pid/vocab/atns-subcat/6a2c747a-d581-55df-a79d-0e18378d44b4"	"143"	"Native Title Claimants (unregistered)"	"Aboriginal and Torres Strait Islander people who have made an application for the legal recognition of their native title rights and interests with the Federal Court and who have not fulfilled the requirements to be included on the Register of Native Title Claims."	"20200921051047"	"https://web.archive.org/web/20200921051047/https://atns.net.au/subcategory.asp?subcategoryid=143"	"9"	"2"	"1"	"stable"	""	"Native Title Claimants (unregistered)"	"20110216102527: URLError: <urlopen error [Errno 61] Connection refused>"
"https://data.idnau.org/pid/vocab/atns-subcat/4a28e5d2-a7b3-5528-9ea6-595807ca3c08"	"144"	"Land Use Agreement"	"A land use agreement is made between two or more parties, where a party with rights in land grants permission for another party (who may also have rights in the same area of land) to use the land for a particular purpose, or in a particular way, in exchange for rights, goods or services."	"20200921184930"	"https://web.archive.org/web/20200921184930/https://atns.net.au/subcategory.asp?subcategoryID=144"	"9"	"2"	"1"	"stable"	""	"Land Use Agreement"	"20110216113104: URLError: <urlopen error [Errno 61] Connection refused>"
"https://data.idnau.org/pid/vocab/atns-subcat/27bf4e20-d996-5e23-bbd6-03284f4b24e4"	"145"	"Commercial Agreement"	"Agreements made on the open market for the exchange of goods and services, including the use of land. Although this category usually refers to binding contracts made between parties, it may also include any agreements made in the course of commerce, such as non-binding pre-contractual arrangements between parties. By convention this category does not include agreements made under statutory regimes dealing with native title rights, as those rights cannot be sold in the open market."	"20140302103516"	"https://web.archive.org/web/20140302103516/http://atns.net.au/subcategory.asp?subcategoryID=145"	"10"	"3"	"1"	"stable"	""	"Commercial Agreement"	""
"https://data.idnau.org/pid/vocab/atns-subcat/e25306cd-559a-5d5a-8a28-e66ca2c2323a"	"146"	"Exploration Agreement (Aboriginal Land Rights (Northern Territory) Act)"	"An agreement made with Aboriginal Traditional Owners for the grant of exploration licences over Aboriginal land, made under s 40 of the Aboriginal Land Rights (Northern Territory) Act 1976 (Cth) (the ALRA)."	"20140302103525"	"https://web.archive.org/web/20140302103525/http://atns.net.au/subcategory.asp?subcategoryID=146"	"7"	"3"	"1"	"stable"	""	"Exploration Agreement (Aboriginal Land Rights (Northern Territory) Act)"	""
"https://data.idnau.org/pid/vocab/atns-subcat/5701ef5e-fe49-5289-b4da-3345efa1ce89"	"147"	"Mining Agreement (Aboriginal Land Rights (Northern Territory) Act)"	"An agreement made with Aboriginal Traditional Owners for the grant of mining interests over Aboriginal land, made under s 46 of the Aboriginal Land Rights (Northern Territory) Act 1976 (Cth) (the ALRA)."	"20140302103614"	"https://web.archive.org/web/20140302103614/http://atns.net.au/subcategory.asp?subcategoryID=147"	"8"	"3"	"1"	"stable"	""	"Mining Agreement (Aboriginal Land Rights (Northern Territory) Act)"	""
"https://data.idnau.org/pid/vocab/atns-subcat/f6be2b14-a012-5d67-a3b9-eec5a957c048"	"148"	"Memorandum of Lease"	"The written document containing the terms of a lease."	"20200921191001"	"https://web.archive.org/web/20200921191001/https://atns.net.au/subcategory.asp?subcategoryID=148"	"8"	"2"	"1"	"stable"	""	"Memorandum of Lease"	"20110216113224: URLError: <urlopen error [Errno 61] Connection refused>"
"https://data.idnau.org/pid/vocab/atns-subcat/cb04592a-0221-592e-9bd2-7cfd7c515db8"	"149"	"Exploration Agreement (Native Title Act)"	"Exploration Agreements are made under the future act provisions of the Native Title Act 1993 (Cth) (not including Indigenous Land Use Agreements (ILUAs)). South Australia has its own provisions which comply with the regulations under the Native Title Act 1993 (Cth) for separate state regimes."	"20140302103529"	"https://web.archive.org/web/20140302103529/http://atns.net.au/subcategory.asp?subcategoryID=149"	"7"	"1"	"1"	"single-sample"	"20140302103529: Exploration Agreement (Native Title Act) — Exploration Agreements are made under the future act provisions of the Native Title Act 1993 (Cth) (not including Indigenous Land Use Agreements (ILUAs)). South Australia has its own provisions which comply with the regulations under the Native Title Act 1993 (Cth) for separate state regimes."	"Exploration Agreement (Native Title Act)"	"20070904030850: URLError: <urlopen error [Errno 61] Connection refused> | 20110216112503: URLError: <urlopen error [Errno 61] Connection refused>"
"https://data.idnau.org/pid/vocab/atns-subcat/89615198-37f5-5e14-91e6-a2ba2eb0af09"	"150"	"Joint Management Agreement"	"An agreement between indigenous and non-indigenous parties for the joint management of land of traditional significance to the indigenous parties."	"20070902033248"	"https://web.archive.org/web/20070902033248/http://www.atns.net.au/subcategory.asp?subcategoryid=150"	"11"	"1"	"1"	"single-sample"	"20070902033248: Joint Management Agreement — An agreement between indigenous and non-indigenous parties for the joint management of land of traditional significance to the indigenous parties."	"Joint Management Agreement"	"20110216112911: URLError: <urlopen error [Errno 61] Connection refused> | 20200229052849: URLError: <urlopen error [Errno 61] Connection refused>"
"https://data.idnau.org/pid/vocab/atns-subcat/51e799aa-68a2-5df5-b3b6-ce3837c24612"	"151"	"Template Agreement"	"An Agreement which includes standard terms and conditions to be applied to a range of individual agreements all covering the same or similar issues and which is altered in certain respects to suit each particular situation."	"20070911154925"	"https://web.archive.org/web/20070911154925/http://www.atns.net.au/subcategory.asp?subcategoryID=151"	"8"	"1"	"1"	"single-sample"	"20070911154925: Template Agreement — An Agreement which includes standard terms and conditions to be applied to a range of individual agreements all covering the same or similar issues and which is altered in certain respects to suit each particular situation."	"Template Agreement"	"20110216113634: URLError: <urlopen error [Errno 61] Connection refused> | 20200919045727: URLError: <urlopen error [Errno 61] Connection refused>"
"https://data.idnau.org/pid/vocab/atns-subcat/f0427812-61d1-5004-b577-ac236a9c5c18"	"152"	"Funding Agreement"	"An Agreement under which the National or State Governments agree to fund an Indigenous body for a particular purpose. Such an agreement will not be legally binding upon the government unless the legislation under which it is made does in fact bind the government."	"20140302103532"	"https://web.archive.org/web/20140302103532/http://atns.net.au/subcategory.asp?subcategoryID=152"	"8"	"3"	"1"	"stable"	""	"Funding Agreement"	""
"https://data.idnau.org/pid/vocab/atns-subcat/d95daea3-0353-524d-b9af-f7d0d06b878a"	"153"	"Report"	""	"20140125204514"	"https://web.archive.org/web/20140125204514/http://atns.net.au/subcategory.asp?subcategoryID=153"	"6"	"3"	"2"	"empty-definition"	"20070901082136: Report — A national, state or local government report which has ramifications for Indigenous peoples. || 20110216100344: Report — [empty] || 20140125204514: Report — [empty]"	"Report"	""
"https://data.idnau.org/pid/vocab/atns-subcat/e9f2cbaa-5c3d-5a7e-a2de-427ab2fc804a"	"154"	"Statement of Commitment/Intention"	"A Statement of Commitment or Intention can be made by any entity and is a non-binding instrument that relates to the achievement a particular aim or aims. Many relate to enhancing the reconciliation process with Aboriginal peoples and practical measures to that end."	"20170214232859"	"https://web.archive.org/web/20170214232859/http://atns.net.au/subcategory.asp?subcategoryID=154"	"8"	"3"	"2"	"definition-changed"	"20070901080839: Statement of Commitment/Intention — An International, National, State or Local Government Statement containing a commitment or intention to enhance the reconciliation process with Aboriginal peoples which may or may not additionally include a range of issues upon which there is a commitment or intention to take practical action. || 20110216100430: Statement of Commitment/Intention — A Statement of Commitment or Intention can be made by any entity and is a non-binding instrument that relates to the achievement a particular aim or aims. Many relate to enhancing the reconciliation process with Aboriginal peoples and practical measures to that end. || 20170214232859: Statement of Commitment/Intention — A Statement of Commitment or Intention can be made by any entity and is a non-binding instrument that relates to the achievement a particular aim or aims. Many relate to enhancing the reconciliation process with Aboriginal peoples and practical measures to that end."	"Statement of Commitment/Intention"	""
"https://data.idnau.org/pid/vocab/atns-subcat/d66b4fd1-9d0a-57fb-9a2c-d480e1cbc97f"	"155"	"Policy/Strategy"	"National, State or Local Government Policy or Strategy in relation to Indigenous issues."	"20170214233253"	"https://web.archive.org/web/20170214233253/http://atns.net.au/subcategory.asp?subcategoryID=155"	"9"	"3"	"1"	"stable"	""	"Policy/Strategy"	""
"https://data.idnau.org/pid/vocab/atns-subcat/114e4b10-f8d9-5c01-9470-e5036762cb1b"	"156"	"Plan of Management"	"A Plan of Management in relation to the joint management, co-management, or for Indigenous input into, the management of a particular area of land."	"20140125204510"	"https://web.archive.org/web/20140125204510/http://atns.net.au/subcategory.asp?subcategoryID=156"	"7"	"3"	"2"	"definition-changed"	"20070901082013: Plan of Management — A Plan of Management in relation to the joint management of, or if not totally joint management, for Indigenous input into, the management of a particular area of land. || 20110216100314: Plan of Management — A Plan of Management in relation to the joint management, co-management, or for Indigenous input into, the management of a particular area of land. || 20140125204510: Plan of Management — A Plan of Management in relation to the joint management, co-management, or for Indigenous input into, the management of a particular area of land."	"Plan of Management"	""
"https://data.idnau.org/pid/vocab/atns-subcat/1eb2e7ab-f69e-50e0-96b3-ae27f43fe296"	"157"	"Research"	""	"20140125204520"	"https://web.archive.org/web/20140125204520/http://atns.net.au/subcategory.asp?subcategoryID=157"	"7"	"3"	"2"	"empty-definition"	"20070901080413: Research — Agreement covers research programs or material. || 20110216100406: Research — [empty] || 20140125204520: Research — [empty]"	"Research"	""
"https://data.idnau.org/pid/vocab/atns-subcat/88a6616e-8f95-5953-8f69-3d07e051515c"	"158"	"Indigenous Protected Area"	"This is an area of land or sea over which the Traditional Indigenous Owners have entered into a voluntary agreement for the purposes of promoting biodiversity and cultural resource conservation. The declaration of an Indigenous Protected Area over Indigenous owned lands results in that land being considered as part of the National Reserve System."	"20140126160616"	"https://web.archive.org/web/20140126160616/http://atns.net.au/subcategory.asp?subcategoryID=158"	"6"	"3"	"1"	"stable"	""	"Indigenous Protected Area"	""
"https://data.idnau.org/pid/vocab/atns-subcat/66ca48c6-5504-5f8e-9835-c46a3bce657e"	"160"	"Final Agreement (Canada)"	"An agreement concluding comprehensive land claims negotiations, and recognising Aboriginal rights and interests to traditional territory."	"20140302103706"	"https://web.archive.org/web/20140302103706/http://atns.net.au/subcategory.asp?subcategoryID=160"	"6"	"3"	"1"	"stable"	""	"Final Agreement (Canada)"	""
"https://data.idnau.org/pid/vocab/atns-subcat/7dff9d75-8efe-5518-a99d-54546a46d417"	"161"	"Implementation Plan (Canada)"	"An agreement which guides and monitors the implementation of a final agreement. The implementation plan sets out the activities and obligations of the parties required to fulfil the agreement. It does not create legal obligations beyond those identified in the final agreement."	"20140302103717"	"https://web.archive.org/web/20140302103717/http://atns.net.au/subcategory.asp?subcategoryID=161"	"7"	"3"	"1"	"stable"	""	"Implementation Plan (Canada)"	""
"https://data.idnau.org/pid/vocab/atns-subcat/fc06dde7-2239-580c-b4b9-09d0f530c888"	"162"	"Self-Government Agreement (Canada)"	"An agreement which recognises that the inherent right of self-government is an existing right under section 35 of the of the Constitution Act, 1982. It sets out the self-government arrangements and jurisdictional powers of First Nation Governments. Self-government agreements are often negotiated in conjunction with comprehensive land claims agreements."	"20140303160753"	"https://web.archive.org/web/20140303160753/http://atns.net.au/subcategory.asp?subcategoryID=162"	"7"	"3"	"1"	"stable"	""	"Self-Government Agreement (Canada)"	""
"https://data.idnau.org/pid/vocab/atns-subcat/76172eac-f556-58a7-85ae-e9378e301734"	"163"	"Devolution Agreement (Canada)"	"An agreement between the federal and territorial governments transferring province-like powers and responsibilities to the territorial governments. It may cover matters such as legislative authority, development of resource management schemes, financial relationships and human and capital resources transfers."	"20140302103657"	"https://web.archive.org/web/20140302103657/http://atns.net.au/subcategory.asp?subcategoryID=163"	"7"	"3"	"1"	"stable"	""	"Devolution Agreement (Canada)"	""
"https://data.idnau.org/pid/vocab/atns-subcat/07dcb544-00ed-512d-9af0-a2d18865d9d3"	"164"	"Socio-Economic Agreement (Canada)"	"An agreement typically negotiated in the context of resource development between a company, various levels of government and the local community. It establishes a framework that promotes the efficient use of resources by Canada, the relevant province or territory, and the local residents. A socio-economic agreement recognises the potential impact of mining or exploration and seeks to promote the economic development and well-being of neighbouring communities."	"20140303160802"	"https://web.archive.org/web/20140303160802/http://atns.net.au/subcategory.asp?subcategoryID=164"	"7"	"3"	"1"	"stable"	""	"Socio-Economic Agreement (Canada)"	""
"https://data.idnau.org/pid/vocab/atns-subcat/64c0b91c-926f-5d0c-8368-12601a23c8f2"	"165"	"Environmental Agreement (Canada)"	"An agreement typically negotiated in the context of resource development between a company, the federal government and the relevant provincial or territory government, frequently with the participation of local Aboriginal organisations. Environmental Agreements set out the responsibilities of the parties for the mitigation of any adverse impacts of a given development project."	"20140302103700"	"https://web.archive.org/web/20140302103700/http://atns.net.au/subcategory.asp?subcategoryID=165"	"7"	"3"	"1"	"stable"	""	"Environmental Agreement (Canada)"	""
"https://data.idnau.org/pid/vocab/atns-subcat/300b61b1-8d08-5374-9ff8-b28c881f5b11"	"166"	"Impact and Benefits Agreement (IBA) (Canada)"	"A confidential agreement negotiated in the context of resource development between a company, the relevant provincial or territorial government and affected Aboriginal organisations. An IBA establishes the terms under which affected Aboriginal people will benefit from a development project. It is otherwise known as a participation agreement."	"20140302103714"	"https://web.archive.org/web/20140302103714/http://atns.net.au/subcategory.asp?subcategoryID=166"	"5"	"3"	"1"	"stable"	""	"Impact and Benefits Agreement (IBA) (Canada)"	""
"https://data.idnau.org/pid/vocab/atns-subcat/011f1a86-2366-53c2-8f6d-a60006646e79"	"167"	"Mining Agreement (Canada)"	"Any agreement between mining companies, the two levels of government and local Aboriginal organisations regarding the construction and operation of mining projects."	"20140302103734"	"https://web.archive.org/web/20140302103734/http://atns.net.au/subcategory.asp?subcategoryID=167"	"6"	"3"	"1"	"stable"	""	"Mining Agreement (Canada)"	""
"https://data.idnau.org/pid/vocab/atns-subcat/a8368baa-c7b2-5b8f-a071-57fe2a7ec152"	"168"	"Support Agreement (Canada)"	"A confidential agreement negotiated in the context of resource development between a company and the relevant provincial and territorial government, with the participation of local Aboriginal organisations. It contains provisions regarding the company’s commitment to support a local industry."	"20140303160809"	"https://web.archive.org/web/20140303160809/http://atns.net.au/subcategory.asp?subcategoryID=168"	"6"	"3"	"1"	"stable"	""	"Support Agreement (Canada)"	""
"https://data.idnau.org/pid/vocab/atns-subcat/58e5a837-54f1-58e7-93cb-e780e6096ac2"	"169"	"Memorandum of Intent (MOI) (Canada)"	"An agreement which may constitute the first stage of the negotiation of a final agreement. An MOI sets out the objectives, principles, subject matter and process necessary to guide discussions. It reflects the commitment of the parties to proceed with negotiations."	"20140302103731"	"https://web.archive.org/web/20140302103731/http://atns.net.au/subcategory.asp?subcategoryID=169"	"7"	"3"	"1"	"stable"	""	"Memorandum of Intent (MOI) (Canada)"	""
"https://data.idnau.org/pid/vocab/atns-subcat/0eb5fb8a-c7a0-5513-9544-e257fba66e8c"	"170"	"Partnership Agreement (Canada)"	"An agreement negotiated between a company and local Aboriginal organisations, reflecting the parties’ commitment to increased Aboriginal participation in resource development."	"20140303160744"	"https://web.archive.org/web/20140303160744/http://atns.net.au/subcategory.asp?subcategoryID=170"	"6"	"3"	"1"	"stable"	""	"Partnership Agreement (Canada)"	""
"https://data.idnau.org/pid/vocab/atns-subcat/7cfbd20c-917a-5a6c-b2cc-9baa5762381b"	"171"	"Participation Agreement (Canada)"	"An agreement negotiated between a company and local Aboriginal organisations in the context of natural resource development projects. It may set out the principles to guide the working relationship of the parties, and establish the obligations of the parties regarding employment, training and business opportunities. It is otherwise be known as an Impact and Benefits Agreement."	"20140303160740"	"https://web.archive.org/web/20140303160740/http://atns.net.au/subcategory.asp?subcategoryID=171"	"6"	"3"	"1"	"stable"	""	"Participation Agreement (Canada)"	""
"https://data.idnau.org/pid/vocab/atns-subcat/7b236814-e530-5bde-856c-b25535686470"	"172"	"Service Delivery Agreement (Canada)"	"An agreement between a First Nation or Aboriginal government or council and a municipal council for the provision of services to Aboriginal communities. May include services relating to emergency and rescue matters, waste and rubbish removal, regional and local parks, road maintenance, libraries, swimming pool operation, building inspection and dog control."	"20140303160756"	"https://web.archive.org/web/20140303160756/http://atns.net.au/subcategory.asp?subcategoryID=172"	"6"	"3"	"1"	"stable"	""	"Service Delivery Agreement (Canada)"	""
"https://data.idnau.org/pid/vocab/atns-subcat/fa695837-692e-5ecd-954d-f00c369e7c2e"	"173"	"Inuit of Canada"	"Aboriginal peoples who reside in the eastern arctic and Arctic Ocean regions of the North West Territories, Northern Quebec and Labrador, formerly known as Eskimo."	"20140126160508"	"https://web.archive.org/web/20140126160508/http://atns.net.au/subcategory.asp?subcategoryID=173"	"6"	"3"	"1"	"stable"	""	"Inuit of Canada"	""
"https://data.idnau.org/pid/vocab/atns-subcat/f1e9e6d7-06bd-5773-bbb6-9d851c344924"	"174"	"Métis of Canada"	"The Métis Nation evolved in the historic north-west of Canada in the 18th and 19th centuries. Born of a mixture of French and Scottish fur traders and Cree, Ojibwa, Saulteaux, and Assiniboine women, the Métis in the north-west developed as a people, distinct from either Indian or European."	"20140126160524"	"https://web.archive.org/web/20140126160524/http://atns.net.au/subcategory.asp?subcategoryID=174"	"5"	"3"	"1"	"stable"	""	"Métis of Canada"	""
"https://data.idnau.org/pid/vocab/atns-subcat/7767aecc-ae64-5c1e-8fe6-b2b68c0cf7e4"	"175"	"Provincial/Territory Government (Canada)"	"A publicly elected government of a province or territory of Canada."	"20140125204743"	"https://web.archive.org/web/20140125204743/http://atns.net.au/subcategory.asp?subcategoryID=175"	"6"	"3"	"1"	"stable"	""	"Provincial/Territory Government (Canada)"	""
"https://data.idnau.org/pid/vocab/atns-subcat/a7cf88da-5009-583e-a88f-5323d27c417a"	"176"	"Conservation Agreement"	"A voluntary agreement between the Commonwealth Government and a landowner for the protection and conservation of biodiversity and Aboriginal cultural heritage values in Australia."	"20200921180638"	"https://web.archive.org/web/20200921180638/https://atns.net.au/subcategory.asp?subcategoryID=176"	"9"	"3"	"1"	"stable"	""	"Conservation Agreement"	""
"https://data.idnau.org/pid/vocab/atns-subcat/395827ef-ba33-5bcc-96ff-bc0f3bd5d47a"	"299"	"Registered Aboriginal Party (Vic)"	"An applicant in a court hearing."	"20200921061516"	"https://web.archive.org/web/20200921061516/https://atns.net.au/subcategory.asp?subcategoryid=299"	"12"	"3"	"2"	"heading-mismatch"	"20070901081036: Applicant — An applicant in a Federal Court native title hearing. || 20110216102124: Applicant — An applicant in a Federal Court native title hearing. || 20200921061516: Applicant — An applicant in a court hearing."	"Applicant"	""
"https://data.idnau.org/pid/vocab/atns-subcat/5fef068a-6a72-5e16-8885-194d2e021bfe"	"302"	"Regional Partnership Agreement (RPA)"	"An agreement designed to provide a mechanism for establishing a uniform Commonwealth Government investment strategy across a region with respect to Indigenous Affairs. Such agreements are intended to provide a coordinated response to priorities identified for the region, thus eliminating duplication or gaps. Regional Partnership Agreements (RPAs) form part of the Commonwealth Government's new arrangements for Indigenous Affairs and service delivery. Where States and Territories have agreed, RPAs may also include State and Territory investment. The terms of RPAs will comply with the 'Framework Principles for Government Service Delivery' agreed by the Council of Australian Government in June 2004."	"20140319114201"	"https://web.archive.org/web/20140319114201/http://www.atns.net.au/subcategory.asp?subcategoryid=302"	"6"	"3"	"1"	"stable"	""	"Regional Partnership Agreement (RPA)"	""
"https://data.idnau.org/pid/vocab/atns-subcat/28ea34b8-add0-5293-9708-7ff499b124b6"	"303"	"Unopposed Determination"	""	"20140125204457"	"https://web.archive.org/web/20140125204457/http://atns.net.au/subcategory.asp?subcategoryID=303"	"6"	"3"	"1"	"empty-definition"	"20070901081356: Unopposed Determination — [empty] || 20110216100151: Unopposed Determination — [empty] || 20140125204457: Unopposed Determination — [empty]"	"Unopposed Determination"	""
"https://data.idnau.org/pid/vocab/atns-subcat/428c348f-cb02-5b4a-9f58-b6172ccba9f9"	"307"	"Local Community of South Africa"	"A community local to a South African area."	"20140126160512"	"https://web.archive.org/web/20140126160512/http://atns.net.au/subcategory.asp?subcategoryID=307"	"6"	"3"	"2"	"definition-changed"	"20070911154729: Local Community of South Africa — [empty] || 20110216102240: Local Community of South Africa — A community local to a South African area. || 20140126160512: Local Community of South Africa — A community local to a South African area."	"Local Community of South Africa"	""
"https://data.idnau.org/pid/vocab/atns-subcat/cf3b9aee-3198-5049-bab0-fa15a46e1c06"	"311"	"Trustee Company"	""	"20200319040558"	"https://web.archive.org/web/20200319040558/https://www.atns.net.au/subcategory.asp?subcategoryID=311"	"5"	"3"	"1"	"empty-definition"	"20080719213613: Trustee Company — [empty] || 20110216102000: Trustee Company — [empty] || 20200319040558: Trustee Company — [empty]"	"Trustee Company"	""
"https://data.idnau.org/pid/vocab/atns-subcat/73e7ea31-7278-515a-ad91-72314b50074c"	"313"	"Party to a Deed of Settlement (New Zealand)"	"A party to the final settlement of an historical claim under the Treaty of Waitangi Act 1975 ."	"20140126160547"	"https://web.archive.org/web/20140126160547/http://atns.net.au/subcategory.asp?subcategoryID=313"	"4"	"3"	"1"	"stable"	""	"Party to a Deed of Settlement (New Zealand)"	""
"https://data.idnau.org/pid/vocab/atns-subcat/fd0b443c-f78b-5840-926a-9b0080a9ebdb"	"314"	"Land Restitution Agreement (South Africa)"	"‘Land restitution agreement’ is a term which describes the subject matter of an agreement, rather than a specific category of agreement. A land restitution agreement is an agreement which includes the transfer of land to people or communities unfairly deprived of their land under under apartheid-era policies, whether or not that land transfer is associated with a claim under the Restitution of Land Rights Act 1994. Under s 14(3) of that Act, parties to a land restitution claim can reach agreement on the terms of their settlement, and that agreement may then be endorsed by the Land Claims Court as an order of the court."	"20110216115005"	"https://web.archive.org/web/20110216115005/http://atns.net.au/subcategory.asp?subcategoryID=314"	"5"	"2"	"1"	"stable"	""	"Land Restitution Agreement (South Africa)"	"20150330122419: URLError: <urlopen error [Errno 61] Connection refused>"
"https://data.idnau.org/pid/vocab/atns-subcat/53c4c72c-0c84-5487-b3b9-13134a218163"	"316"	"Joint Venture Agreement (South Africa)"	"A Joint Venture Agreement is a commercial agreement creating a business partnership whereby the two or more parties each take up part ownership of a commercial venture."	"20080724075416"	"https://web.archive.org/web/20080724075416/http://atns.net.au/subcategory.asp?subcategoryID=316"	"5"	"1"	"1"	"single-sample"	"20080724075416: Joint Venture Agreement (South Africa) — A Joint Venture Agreement is a commercial agreement creating a business partnership whereby the two or more parties each take up part ownership of a commercial venture."	"Joint Venture Agreement (South Africa)"	"20110216114931: URLError: <urlopen error [Errno 61] Connection refused> | 20150330234854: URLError: <urlopen error [Errno 61] Connection refused>"
"https://data.idnau.org/pid/vocab/atns-subcat/a49a985c-aa37-5165-8e47-e59a724f040e"	"320"	"Policy/Strategy (South Africa)"	"South African national or local government policy or strategy."	"20140126160629"	"https://web.archive.org/web/20140126160629/http://atns.net.au/subcategory.asp?subcategoryID=320"	"5"	"1"	"1"	"single-sample"	"20140126160629: Policy/Strategy (South Africa) — South African national or local government policy or strategy."	"Policy/Strategy (South Africa)"	"20080719055854: URLError: <urlopen error [Errno 61] Connection refused> | 20110216103101: URLError: <urlopen error [Errno 61] Connection refused>"
"https://data.idnau.org/pid/vocab/atns-subcat/b6d2bb0f-4564-5bb9-b667-3700821f5a5b"	"321"	"Black Economic Empowerment Transaction (South Africa)"	"A Black Economic Empowerment transaction is the transfer of all or part of the ownership, management or benefits of an enterprise or productive asset to the control of ‘historically disadvantaged South Africans’ (HDSAs), a term which includes black, coloured and Indian South Africans, women and the disabled. These transactions are one aspect of Black Economic Empowerment, a policy designed to ‘increase broad-based and effective participation of black people in the economy’ ( Broad-Based Black Economic Empowerment Act , 2003)."	"20150330235529"	"https://web.archive.org/web/20150330235529/http://www.atns.net.au/subcategory.asp?subcategoryid=321"	"5"	"3"	"1"	"stable"	""	"Black Economic Empowerment Transaction (South Africa)"	""
"https://data.idnau.org/pid/vocab/atns-subcat/ccad408c-37fe-5a36-a785-baf3b25cdce9"	"324"	"Indigenous Management Agreement (Aboriginal Land Act) (Queensland)"	"An agreement made in accordance with s 83G of the Aboriginal Land Act 1991 (Qld). It concerns the management of land that has been designated a ""national park (Cape York Peninsula Aboriginal land)"" under the Nature Conservation Act 1992 (Qld), as amended by the Cape York Peninsula Heritage Act 2007 (Qld)."	"20160425181655"	"https://web.archive.org/web/20160425181655/http://atns.net.au/subcategory.asp?subcategoryid=324"	"1"	"1"	"1"	"single-sample"	"20160425181655: Indigenous Management Agreement (Aboriginal Land Act) (Queensland) — An agreement made in accordance with s 83G of the Aboriginal Land Act 1991 (Qld). It concerns the management of land that has been designated a ""national park (Cape York Peninsula Aboriginal land)"" under the Nature Conservation Act 1992 (Qld), as amended by the Cape York Peninsula Heritage Act 2007 (Qld)."	"Indigenous Management Agreement (Aboriginal Land Act) (Queensland)"	""
"https://data.idnau.org/pid/vocab/atns-subcat/9dcbe1a3-5e12-5b7e-bf28-8badef099c68"	"325"	"Traditional Use Marine Resource Agreement (TUMRA)"	"Traditional Use Marine Resource Agreements (TUMRAs) are formal agreements developed by Traditional Owners and the Great Barrier Reef Marine Park Authority to provide for cooperation in the conduct and monitoring of indigenous hunting activities within the Great Barrier Reef Marine Park."	"20160425152514"	"https://web.archive.org/web/20160425152514/http://atns.net.au/subcategory.asp?subcategoryid=325"	"3"	"1"	"1"	"single-sample"	"20160425152514: Traditional Use Marine Resource Agreement (TUMRA) — Traditional Use Marine Resource Agreements (TUMRAs) are formal agreements developed by Traditional Owners and the Great Barrier Reef Marine Park Authority to provide for cooperation in the conduct and monitoring of indigenous hunting activities within the Great Barrier Reef Marine Park."	"Traditional Use Marine Resource Agreement (TUMRA)"	"20110328083559: URLError: <urlopen error [Errno 61] Connection refused>"
"https://data.idnau.org/pid/vocab/atns-subcat/960ba21e-42c4-504f-8c8c-5b3683f70067"	"326"	""	""	""	""	"0"	"0"	"0"	"missing-capture"	""	""	""
"https://data.idnau.org/pid/vocab/atns-subcat/123a2199-09c1-53e0-9c4d-6ae2033ea91c"	"330"	"COAG Agreement"	"Includes health agreements: NPA, OBIP, and National Agreements"	"20190823004400"	"https://web.archive.org/web/20190823004400/https://www.atns.net.au/subcategory.asp?subcategoryid=330"	"1"	"1"	"1"	"single-sample"	"20190823004400: COAG Agreement — Includes health agreements: NPA, OBIP, and National Agreements"	"COAG Agreement"	""
"https://data.idnau.org/pid/vocab/atns-subcat/2e0a88f3-2189-5129-9101-57be0d2aefbc"	"331"	"Aboriginal Community Controlled Health Service Agreement"	""	""	""	"0"	"0"	"0"	"missing-capture"	""	""	""
"https://data.idnau.org/pid/vocab/atns-subcat/410f394f-f53a-5ab1-bc86-8b1fe5a901ba"	"332"	"Alcohol Management Plan"	""	""	""	"0"	"0"	"0"	"missing-capture"	""	""	""
"https://data.idnau.org/pid/vocab/atns-subcat/c97ff061-87de-5580-9efc-4dd4eb83f378"	"333"	"Aboriginal Community Controlled Health Organisation Peak Body Agreement"	""	""	""	"0"	"0"	"0"	"missing-capture"	""	""	""
"https://data.idnau.org/pid/vocab/atns-subcat/3d310e0d-33b7-55f2-bbcc-8abbdcf1bdf5"	"334"	""	""	"20200319040603"	"https://web.archive.org/web/20200319040603/https://www.atns.net.au/subcategory.asp?subcategoryID=334"	"1"	"1"	"1"	"empty-definition"	"20200319040603:  — [empty]"	""	""
"https://data.idnau.org/pid/vocab/atns-subcat/387735e3-2e17-5da6-aaf8-bf7d5a946dcf"	"335"	""	""	"20200319035940"	"https://web.archive.org/web/20200319035940/https://www.atns.net.au/subcategory.asp?subcategoryID=335"	"1"	"1"	"1"	"empty-definition"	"20200319035940:  — [empty]"	""	""
"https://data.idnau.org/pid/vocab/atns-subcat/61baccc9-0196-5528-a334-1ebd2c143b73"	"337"	"Settlement Agreement"	""	""	""	"0"	"0"	"0"	"missing-capture"	""	""	""
"https://data.idnau.org/pid/vocab/atns-subcat/c88cb62c-6b71-5ed4-81b5-06ef97ad6941"	"338"	""	""	""	""	"0"	"0"	"0"	"missing-capture"	""	""	""
"https://data.idnau.org/pid/vocab/atns-subcat/a4b8cda9-3ccd-5f45-966c-68599b042062"	"339"	""	""	""	""	"0"	"0"	"0"	"missing-capture"	""	""	""
"https://data.idnau.org/pid/vocab/atns-subcat/b495993a-c784-53dc-8511-4bc6e7594137"	"340"	""	""	""	""	"0"	"0"	"0"	"missing-capture"	""	""	""
"https://data.idnau.org/pid/vocab/atns-subcat/9cde7d45-5757-5d67-9fea-1c29e3b8a9f9"	"341"	"Petitioner/s"	""	""	""	"0"	"0"	"0"	"missing-capture"	""	""	""
"https://data.idnau.org/pid/vocab/atns-subcat/c868472d-2d34-594a-8479-8ab66eddde4e"	"342"	"State Party"	""	""	""	"0"	"0"	"0"	"missing-capture"	""	""	""
"https://data.idnau.org/pid/vocab/atns-subcat/0057a2c2-f2e6-5896-942d-c99eeaa42337"	"345"	"Traditional Owner Group"	""	""	""	"0"	"0"	"0"	"missing-capture"	""	""	""
